{
    "Layer_0": {
        "weights": [
            [
                0.0,
                0.0,
                0.0
            ],
            [
                0.0,
                0.0,
                0.0
            ],
            [
                0.0,
                0.0,
                0.0
            ]
        ],
        "biases": [
            0.0,
            0.0,
            0.0
        ],
        "previousLayer_size": 3,
        "layer_size": 3,
        "activation_func": "leaky_relu",
        "layer_type": "input"
    },
    "Layer_1": {
        "weights": [
            [
                0.043553932062517835,
                0.3121446124434746,
                0.05901681479433832
            ],
            [
                -0.1633399504592916,
                0.39374601820649646,
                0.11381102789934834
            ],
            [
                -0.09023477555118493,
                0.41008778840587923,
                -0.10859187491449368
            ],
            [
                -0.12166939221221963,
                0.3421801817680693,
                0.13744659000321355
            ],
            [
                0.03623700226554591,
                -0.0038667325627530463,
                -0.0033855205160582247
            ],
            [
                -0.006954892796636149,
                0.0030265441481408533,
                -0.017946149544231002
            ],
            [
                -0.002166881963722214,
                -0.020006496069679768,
                -0.008750147667021528
            ],
            [
                -0.04629309266172609,
                0.019086242367560537,
                0.3841441926219121
            ],
            [
                -0.16028328241591056,
                0.4269044668419989,
                0.10468835022991853
            ],
            [
                -0.09666113633400542,
                0.37877554565136196,
                -0.05083690305721747
            ]
        ],
        "biases": [
            -0.01553420617263438,
            0.008008584395132771,
            0.00910977677266029,
            0.007313845385701783,
            7.481951617876197e-06,
            -6.820799861121535e-07,
            -3.8174546149234076e-06,
            -0.000973137460807312,
            0.008333332535069207,
            0.008725816168586453
        ],
        "previousLayer_size": 3,
        "layer_size": 10,
        "activation_func": "leaky_relu",
        "layer_type": "hidden"
    },
    "Layer_2": {
        "weights": [
            [
                -0.12251521166473844,
                0.09358677394067334,
                0.03253511283076072,
                0.08650516384150159,
                0.0010033078556970446,
                0.006399869870804608,
                0.014838137788794161,
                0.16007984568591782,
                0.07455580262703228,
                0.053432940049561464
            ],
            [
                0.009206737752930938,
                -0.011914844555082542,
                0.001544926810330864,
                -0.014268087326039916,
                0.007517273445621042,
                -0.006618493912162236,
                -0.013311542147330517,
                0.011761908890748917,
                -0.015748073142035926,
                -0.012282621167852448
            ],
            [
                -0.12652772793202882,
                0.0791717922625719,
                0.04523960445326799,
                0.11281580170445266,
                -0.011161931346290746,
                0.00744800589993571,
                0.0067068125192247426,
                0.16724273884477542,
                0.0555353187085017,
                0.05376602661496609
            ],
            [
                0.0945136163146943,
                -0.07493650491853776,
                -0.0568294476939319,
                -0.02196469047932785,
                0.008931538390113987,
                0.004628319089953138,
                0.010758190551252052,
                0.020248988513344553,
                -0.07239829976778266,
                -0.06059357872299107
            ],
            [
                -0.008033348916707829,
                0.0001451594724088409,
                0.007229430434668249,
                0.0018074385738164709,
                -0.005783893064165959,
                -0.014397315617152677,
                -0.006306223505921558,
                -0.011601658757036153,
                0.00768448929169217,
                -0.006054522225983108
            ],
            [
                -0.006093078366166895,
                0.07543164156926303,
                0.06944328425105455,
                0.06712590664921368,
                -0.004818287104125713,
                -0.006827306478506601,
                -0.007493645291144091,
                0.09682444924278157,
                0.06691822304914737,
                0.061880400766930695
            ],
            [
                0.3370162020146816,
                -0.15623969279005676,
                -0.19945549590336337,
                -0.06779941289116734,
                0.009474042501857382,
                0.001897821738579722,
                0.006887290736828914,
                0.02352871822771108,
                -0.1591649098928535,
                -0.1601581332479903
            ],
            [
                -0.05297522118166993,
                0.1456165638252144,
                0.16623629257446876,
                0.1708897003214004,
                -0.0016149941073140865,
                0.007434906959442938,
                0.0009685820367561184,
                0.2160513652569588,
                0.14344576578087911,
                0.17074782286304188
            ],
            [
                0.20959643532409164,
                -0.08729339111165078,
                -0.12796931418241944,
                -0.03293852530471208,
                0.020253989793592126,
                0.0001746331660276219,
                0.002999562955098204,
                0.01068017264275269,
                -0.10071578235687065,
                -0.08492965864091394
            ],
            [
                -0.015494038182922311,
                0.049830055555493385,
                0.04668486711649824,
                0.05086703278183789,
                0.009486976940630528,
                -0.01343715628810137,
                -0.002538020073080975,
                0.06350223684770712,
                0.03824306029657755,
                0.06916428625114485
            ],
            [
                0.07829477339091041,
                -0.042472236320954225,
                -0.051423208571282845,
                -0.011168902657854494,
                -0.005097940601936361,
                0.00498526358097334,
                -0.002997246309141031,
                0.0033418078028438123,
                -0.031889454985656415,
                -0.03866226658538871
            ],
            [
                -0.009362282714427276,
                0.008785023196383935,
                -0.027210500650669007,
                0.009199937928265045,
                -0.007279158205820212,
                -0.01027506197884909,
                -0.0009914375922700281,
                -0.014830958221949565,
                -0.008415871838019664,
                0.013651081095593194
            ],
            [
                -0.07632427330002683,
                0.05876956404208812,
                0.02737814194302265,
                0.058520896920286385,
                0.005115595407258865,
                -0.0008559720460644915,
                0.0065466607590836745,
